Suzie,Hendon,suzie.hendon@mycompany.com
Tami,Urbina,tami.urbina@mycompany.com
Julene,Collingwood,julene.collingwood@mycompany.com
Trenton,Cullens,trenton.cullens@mycompany.com
Mathew,Forrest,mathew.forrest@mycompany.com
Dian,Antilla,dian.antilla@mycompany.com
Sharonda,Hauger,sharonda.hauger@mycompany.com
Silvia,Wester,silvia.wester@mycompany.com
Jamey,Valdivia,jamey.valdivia@mycompany.com
Ozell,Renegar,ozell.renegar@mycompany.com
Kelsey,Hiney,kelsey.hiney@mycompany.com
Archie,Sweeney,archie.sweeney@mycompany.com
Lea,Verona,lea.verona@mycompany.com
Winter,Grainger,winter.grainger@mycompany.com
Aleisha,Eckert,aleisha.eckert@mycompany.com
Mazie,Wojciechowski,mazie.wojciechowski@mycompany.com
Oralia,Hoaglin,oralia.hoaglin@mycompany.com
Elsy,Simkins,elsy.simkins@mycompany.com
Alverta,Hewey,alverta.hewey@mycompany.com
Drucilla,Dittrich,drucilla.dittrich@mycompany.com